Relative Position,Position X,Position Y,ca-access-point,node14ap,ntua,\x00,ntuax,ntua,CNLab,CNLab,TestCN,ntuax,conference_room,TP-LINK_9FBBEF,TestCN,CNLab,ntuax,ntua,eduroam,Grafeio B.3.19,mlab1,TestCN,\x00,node19ap,ntua,NETMODE_2.4GHz,node20ap,ntua,TestCN,ntuax,ntua,CNLab,ntuax,MAC_Room,\x00,Emmanouella's Home,,CBS,awmn-240,GEOTUN,CNLab,,ntuax,ntua,\x00,ntuax,ntua
Relative Position,Position X,Position Y,2437,2437,2437,2462,2437,2412,2437,2412,2437,2412,2452,2462,2412,2412,2412,2412,2412,2472,2452,2412,2412,2412,2412,2432,2437,2437,2462,2462,2462,2462,2412,2452,2412,2412,2432,2452,2452,2437,2437,2462,2462,2462,2437,2437,2412
Relative Position,Position X,Position Y,00:0b:6b:de:ea:23,00:0b:6b:de:ea:36,00:23:eb:08:cf:c3,00:15:c7:ff:16:a5,00:23:eb:08:cf:c2,00:1e:7a:18:6c:40,00:23:eb:08:cf:c0,00:1e:7a:18:68:00,00:23:eb:08:cf:c1,00:1e:7a:18:68:03,0c:80:63:f5:1b:9c,c4:6e:1f:9f:bb:ef,78:ba:f9:94:79:b1,78:ba:f9:94:79:b0,78:ba:f9:94:79:b2,78:ba:f9:94:79:b3,00:1e:7a:18:6c:41,64:70:02:3c:a4:30,a0:04:60:73:60:d3,00:1e:7a:18:68:01,00:1e:7a:18:68:06,f4:ec:38:ed:14:25,00:1e:7a:18:68:02,e8:de:27:db:10:60,f4:ec:38:ed:10:fc,00:15:c7:ff:16:92,00:15:c7:ff:16:a1,00:15:c7:ff:16:a3,00:15:c7:ff:16:a2,00:15:c7:ff:16:a0,00:1e:7a:18:65:b1,b0:48:7a:bb:cc:6e,00:1e:7a:18:68:05,78:8a:20:21:49:dc,30:b5:c2:23:38:87,68:72:51:3e:d5:a6,00:0b:6b:34:96:a8,64:66:b3:58:27:8c,00:15:c7:ff:16:90,ec:08:6b:ab:73:70,00:26:99:34:3a:d1,00:26:99:34:3a:d0,00:15:c7:ff:16:96,00:15:c7:ff:16:93,00:1e:7a:18:65:b0
1,-7,15,-39,-41,-70,-70,-70,-71,-72,-73,-73,-73,-78,-79,-82,-82,-83,-83,-56,-84,-85,-87,-87,-58,-88,-61,-61,-91,-65,-65,-65,-66,100,100,100,100,100,100,100,100,100,100,100,100,100,100,100
1,-7,15,-40,-40,-72,-64,-71,-71,-72,100,-75,100,100,100,100,100,100,100,100,-87,100,-87,-87,100,-88,-60,-61,100,-65,-65,-64,-64,100,100,100,100,100,100,100,100,100,100,100,100,100,100,100
1,-7,15,-33,-38,-72,-64,-71,-72,-72,100,-75,100,100,100,100,100,100,100,100,-87,100,-87,-87,100,-88,-63,-60,100,-65,-65,-64,-65,100,100,100,100,100,100,100,100,100,100,100,100,100,100,100
1,-7,15,-35,-44,-69,-67,-68,-73,-70,100,-75,100,100,100,100,100,100,100,-75,-87,100,-87,-87,-65,-88,-61,-60,100,-66,-68,-69,-70,100,100,100,100,100,100,100,100,100,100,100,100,100,100,100
1,-7,15,-35,-37,-70,-67,-74,-69,-69,100,-69,100,-88,100,100,100,100,-88,-69,-87,100,-85,-83,-67,-83,-66,-63,100,-72,-66,-69,-66,100,100,100,100,100,100,100,100,100,100,100,100,100,100,100
1,-7,15,-30,-47,-71,-74,-72,-69,-76,100,-75,100,-80,100,100,100,100,-88,-69,-87,-86,-85,-83,-67,-83,-62,-60,100,-75,-73,-67,-71,100,100,100,100,100,100,100,100,100,100,100,100,100,100,100
1,-7,15,-29,-43,-69,-74,-68,-74,-73,100,-74,100,-80,100,100,100,100,-88,-74,-87,-86,-85,-83,-69,-83,-63,-60,100,-67,-67,-68,-70,100,100,100,100,100,100,100,100,100,100,100,100,100,100,100
2,-6,15,-73,-41,-69,-67,-73,-74,-67,100,-75,100,-86,100,100,100,100,-88,-74,-87,-84,-85,-83,-68,-83,-64,-58,100,-68,-67,-68,-67,100,100,100,100,100,100,100,100,100,100,100,100,100,100,100
2,-6,15,-31,-34,-66,-67,-65,-71,-71,100,-71,100,-83,100,-86,100,-86,-88,-71,-87,-84,-85,-83,-68,-88,-69,-64,100,-64,-62,-64,-63,-86,100,100,100,100,100,100,100,100,100,100,100,100,100,100
2,-6,15,-36,-42,-70,-69,-72,-72,-73,100,-72,100,-83,100,-86,100,-86,-88,-71,-87,-84,-85,-83,-71,-88,-63,-63,100,-69,-68,-69,-68,-86,100,100,100,100,100,100,100,100,100,100,100,100,100,100
2,-6,15,-33,-39,-67,-69,-67,-75,-66,100,-72,100,-83,100,-86,100,-86,-88,-69,-87,-84,-85,-88,-71,-87,-64,-63,100,-69,-68,-69,-68,-86,100,100,100,100,100,100,100,100,100,100,100,100,100,100
2,-6,15,-39,-45,-72,-73,-72,-76,-72,100,-72,100,-84,100,-86,100,-86,-88,-75,-87,-86,-85,-88,-66,-87,-60,-62,100,-72,-72,-71,-71,-86,100,100,100,100,100,100,100,100,100,100,100,100,100,100
2,-6,15,-32,-39,-78,-73,-77,-74,-72,-86,-77,-87,-84,100,-86,100,-86,-88,-69,-87,-86,-86,-87,-65,-85,-63,-62,100,-71,-73,-71,-72,-89,100,100,100,100,100,100,100,100,100,100,100,100,100,100
2,-6,15,-44,-38,-74,-65,-74,-71,-72,-86,-72,-87,-84,100,-86,100,-86,-88,-70,-87,-86,-86,-87,-68,-85,-64,-59,100,-65,-64,-65,-66,-89,-89,100,100,100,100,100,100,100,100,100,100,100,100,100
2,-6,15,-32,-39,-65,-65,-65,-71,-72,-86,-65,-87,-84,100,-86,100,-86,-88,-70,-87,-86,-86,-87,-66,-87,-66,-67,100,-67,-69,-67,-67,-89,-89,100,100,100,100,100,100,100,100,100,100,100,100,100
2,-6,15,-34,-40,-66,-70,-79,-75,-72,-86,-66,-87,-84,100,-86,100,-86,-88,-75,-87,-86,-86,-87,-66,-87,-63,-60,100,-71,-69,-69,-69,-89,-89,100,100,100,100,100,100,100,100,100,100,100,100,100
3,-5,15,-38,-40,-69,-70,-72,-70,-72,-86,-73,-87,-84,100,-86,100,-86,-88,-75,-87,-86,-88,-86,-64,-88,-60,-59,100,-66,-63,-66,-64,-89,-89,-87,100,100,100,100,100,100,100,100,100,100,100,100
3,-5,15,-35,-48,-71,-72,-70,-76,-71,-86,-71,-87,-83,100,-86,100,-86,100,-77,-87,-86,-88,-86,-63,-88,-55,-58,100,-72,-71,-66,-71,-89,-89,-87,-89,100,100,100,100,100,100,100,100,100,100,100
3,-5,15,-41,-43,-66,-72,-66,-75,-70,-86,-70,-87,-84,100,-86,100,-86,100,-77,-87,-86,-88,-84,-68,-88,-57,-60,100,-63,-72,-63,-71,-89,-89,-87,-89,100,100,100,100,100,100,100,100,100,100,100
3,-5,15,-36,-49,-68,-65,-67,-72,-70,-86,-69,-87,-87,100,-86,100,-86,100,-72,-87,-86,-88,-84,-65,-88,-58,-59,100,-65,-66,-69,-65,-89,-89,-87,-89,100,100,100,100,100,100,100,100,100,100,100
3,-5,15,-39,-43,-68,-65,-67,-67,-70,-86,-66,-87,-87,100,-90,100,-86,100,-72,-87,-86,-84,-83,-66,-83,-62,-58,100,-66,-63,-63,-63,-89,-89,-87,-89,100,100,100,100,100,100,100,100,100,100,100
3,-5,15,-38,-45,-67,-64,-65,-62,-66,-86,-66,-87,-86,100,-90,100,-86,-86,-72,-87,-89,-84,-83,-66,-83,-59,-61,100,-64,-64,-69,-63,-89,-89,-87,-89,100,100,100,100,100,100,100,100,100,100,100
3,-5,15,-39,-41,-67,-64,-65,-72,-66,-86,-66,-87,-85,100,-90,100,-86,-86,-71,-87,-89,-84,-83,-67,-86,-59,-62,100,-62,-62,-61,-60,-89,-89,-87,-89,-88,100,100,100,100,100,100,100,100,100,100
3,-5,15,-39,-41,-67,-73,-66,-72,-66,-86,-73,-87,-85,100,-90,100,-86,-86,-71,-87,-89,-84,-83,-67,-86,-55,-62,100,-72,-71,-71,-70,-89,-89,-87,-89,-88,100,100,100,100,100,100,100,100,100,100
3,-5,15,-37,-47,-67,-73,-66,-67,-66,-86,-73,-87,-85,100,-87,100,-87,-86,-70,-87,-89,-86,-83,-69,-85,-56,-57,100,-71,-70,-69,-70,-89,-89,-87,-89,-88,100,100,100,100,100,100,100,100,100,100
3,-5,15,-38,-45,-71,-67,-71,-72,-66,-86,-72,-87,-88,100,-87,100,-87,-86,-73,-87,-89,-86,-83,-68,-85,-66,-57,100,-67,-67,-67,-67,-89,-89,-87,-89,-88,100,100,100,100,100,100,100,100,100,100
4,-4,15,-66,-37,-70,-56,-70,-70,-69,-85,-65,-85,-85,100,-84,-88,-85,-86,-68,-87,-89,-85,-85,-67,-86,-65,-58,100,-57,-56,-57,-55,-89,-89,-87,-89,-88,100,100,100,100,100,100,100,100,100,100
4,-4,15,-70,-35,-65,-56,-64,-69,-65,-85,-67,-85,-83,100,-84,-88,-85,-86,-66,-87,-89,-86,-86,-63,-86,-62,-64,100,-56,-56,-56,-56,100,100,-87,-89,-88,100,100,100,100,100,100,100,100,100,100
4,-4,15,-37,-42,-67,-56,-64,-69,-65,-85,-67,-85,-83,100,-84,-88,-85,-86,-66,-87,-89,-86,-86,-64,-86,-58,-60,100,-62,-62,-63,-63,100,100,-87,-89,-88,100,100,100,100,100,100,100,100,100,100
4,-4,15,-66,-32,-66,-56,-66,-73,-71,-85,-69,-85,-83,100,-85,-85,-85,-86,-66,-87,-89,-86,-86,-67,-81,-55,-58,100,-59,-62,-58,-61,100,100,-87,-89,-88,100,100,100,100,100,100,100,100,100,100
4,-4,15,-44,-39,-64,-60,-65,-68,-64,-85,-63,-85,-84,100,-85,-85,-85,-86,-68,-87,-89,-86,-86,-66,-81,-60,-58,100,-61,-61,-65,-60,100,100,-87,-89,-88,100,100,100,100,100,100,100,100,100,100
4,-4,15,-32,-44,-63,-60,-64,-68,-64,-85,-67,-85,-84,100,-85,-85,-86,-86,-69,-87,-89,-84,-82,-66,-85,-62,-59,100,-59,-58,-60,-58,100,100,-87,-89,-88,100,100,100,100,100,100,100,100,100,100
4,-4,15,-34,-29,-68,-59,-69,-71,-69,-85,-70,-85,-84,100,-85,-85,-86,-86,-70,-87,-89,-84,-82,-66,-85,-64,-59,100,-59,-60,-57,-60,100,100,-87,-89,-88,100,100,100,100,100,100,100,100,100,100
4,-4,15,-39,-33,-69,-59,-69,-68,-70,-85,-73,-85,-86,-87,-85,-85,-86,-86,-67,-87,-89,-84,-84,-66,-83,-56,-59,100,-61,-57,-59,-58,100,100,-87,-89,-88,100,100,100,100,100,100,100,100,100,100
4,-4,15,-40,-33,-66,-58,-69,-68,-66,-85,-70,-85,-86,-87,-85,-85,-86,-86,-70,-87,-89,-84,-84,-61,-83,-56,-59,100,-57,-58,-56,-58,100,100,-87,-89,-88,100,100,100,100,100,100,100,100,100,100
4,-4,15,-35,-35,-72,-58,-72,-68,-70,-85,-70,-85,-83,-87,-85,-85,-86,-86,-70,-87,-89,-84,-84,-64,-87,-58,-58,100,-59,-60,-61,-59,100,100,-87,-89,-88,-89,100,100,100,100,100,100,100,100,100
4,-4,15,-46,-40,-64,-59,-64,-68,-69,-85,-69,-85,-84,-87,-85,-85,-86,-86,-67,-87,-89,-84,-84,-65,-87,-57,-60,100,-59,-59,-61,-61,100,100,-87,-89,-88,-89,100,100,100,100,100,100,100,100,100
4,-4,15,-26,-36,-73,-59,-73,-70,-69,-85,-73,-85,-86,-87,-85,-85,-88,-86,-67,-87,-89,-84,-84,-64,-87,-60,-60,100,-64,-66,-64,-64,100,100,-87,-89,-88,-89,-89,100,100,100,100,100,100,100,100
4,-4,15,-36,-37,-67,-63,-68,-70,-70,-85,-70,-85,-87,-87,-85,-85,-88,-89,-67,-87,-89,-84,-84,-64,-87,-61,-60,100,-64,-64,-64,-65,100,100,-87,-89,-88,-89,-89,100,100,100,100,100,100,100,100
4,-4,15,-40,-36,-70,-63,-64,-64,-65,-85,-65,-88,-84,-87,-85,-85,-88,-89,-72,-87,-89,-85,-84,-64,-87,-60,-56,100,-61,-59,-61,-59,100,100,-87,-89,-88,-89,-89,100,100,100,100,100,100,100,100
4,-4,15,-69,-36,-72,-60,-73,-69,-66,-85,-72,-88,-85,-87,-85,-85,-88,-89,-68,-87,-89,-85,-84,-63,-87,-56,-57,100,-59,-60,-60,-59,100,100,-87,-89,-88,-89,-89,100,100,100,100,100,100,100,100
5,-3,15,100,100,100,100,100,100,100,100,100,100,100,100,100,100,100,100,100,100,100,100,100,100,100,100,100,100,100,100,100,100,100,100,100,100,100,100,100,100,100,100,100,100,100,100,100
5,-3,15,-38,-34,-65,-59,-65,-65,-62,-85,-63,-88,-84,-87,-85,-85,-88,-89,-65,-87,-89,-89,-84,-61,-87,-61,-51,100,-58,-58,-58,-58,100,100,-87,-89,-88,-89,-89,-90,100,100,100,100,100,100,100
5,-3,15,-66,-32,-68,-59,-65,-66,-63,-85,-65,-84,-82,-87,-85,-85,-88,-89,-65,-87,100,-85,-84,-61,-84,-61,-57,100,-57,-57,-56,-56,100,100,100,100,100,-89,-89,-90,100,100,100,100,100,100,100
5,-3,15,-46,-28,-68,-61,-65,-70,-62,-85,-65,-84,-82,-87,-85,-85,-88,-89,-70,-87,100,-85,-84,-68,-84,-64,-60,100,-60,-61,-61,-61,100,100,100,100,100,-89,-89,-90,100,100,100,100,100,100,100
5,-3,15,-40,-32,-66,-61,-65,-67,-62,-85,-66,-84,-83,-87,-85,-85,-88,-89,-66,-87,100,-88,-84,-65,-84,-57,-61,100,-70,-66,-66,-65,100,100,100,100,100,-89,-89,-90,100,100,100,100,100,100,100
5,-3,15,-41,-35,-66,-60,-66,-70,-66,-85,-66,-84,-86,-87,-85,-85,-88,-89,-66,-87,100,-88,-84,-64,-84,-57,-61,100,-61,-66,-66,-65,100,100,100,100,100,-89,-89,-90,100,100,100,100,100,100,100
5,-3,15,-40,-31,-65,-60,-64,-71,-66,-85,-66,-84,-86,-87,-87,-85,-88,-89,-70,-87,100,-86,-86,-64,-86,-59,-57,100,-67,-64,-67,-63,100,100,100,100,100,-89,-89,-90,100,100,100,100,100,100,100
5,-3,15,-39,-32,-65,-63,-66,-71,-59,-85,-60,-84,-86,-87,-87,-85,-88,-89,-69,-87,100,-86,-86,-63,-86,-58,-59,100,-62,-64,-63,-64,100,100,100,100,100,-89,-89,-90,100,100,100,100,100,100,100
5,-3,15,-34,-34,-69,-63,-68,-67,-64,-85,-66,-83,-86,-87,-87,-85,-88,-89,-73,-87,100,-86,-84,-63,-88,-64,-55,100,-56,-55,-56,-55,100,100,100,100,100,-89,-89,-90,100,100,100,100,100,100,100
5,-3,15,-41,-37,-69,-62,-70,-68,-65,-85,-64,-83,-86,-87,-88,-85,-88,-89,-68,-87,100,-86,-84,-63,-88,-61,-55,100,-61,-61,-68,-60,100,-88,100,100,100,-89,-87,-90,100,100,100,100,100,100,100
5,-3,15,-37,-40,-70,-62,-70,-65,-70,-85,-70,-83,-81,-87,-88,-85,-88,-89,-66,-87,100,-86,-85,-63,-87,-60,-60,100,-56,-57,-57,-57,100,-88,100,100,100,-89,-87,-90,100,100,100,100,100,100,100
5,-3,15,-36,-33,-71,-57,-69,-65,-68,-85,-68,-83,-89,-87,-88,-85,-88,-89,-66,-87,100,-86,-85,-61,-87,-60,-61,100,-56,-58,-58,-56,100,-88,100,100,100,-89,-87,-90,100,100,100,100,100,100,100
5,-3,15,-37,-37,-67,-57,-69,-71,-67,-85,-67,-83,-89,-87,-88,-85,-88,-88,-72,-87,100,-86,-85,-64,-87,-59,-59,100,-62,-59,-62,-60,100,-88,100,100,100,-89,-87,-90,100,100,100,100,100,100,100
5,-3,15,-33,-37,-69,-61,-69,-68,-63,-85,-65,-83,-86,-87,-88,-85,-88,-88,-68,-87,100,-86,-85,-64,-87,-58,-55,100,-62,-61,-60,-60,100,-88,100,100,100,-89,-87,-90,100,100,100,100,100,100,100
5,-3,15,-37,-33,-65,-61,-66,-75,-62,-83,-63,-86,-86,-87,-88,-85,-87,-85,-75,-87,100,-84,-84,-61,-85,-58,-53,100,-55,-56,-56,-55,100,-88,100,100,100,-89,-87,-90,100,100,100,100,100,100,100
5,-3,15,-68,-73,-69,-55,-68,-70,-66,-83,-65,-86,-78,-87,-88,-85,-87,-85,-72,-87,100,-84,-84,-61,-85,-63,-58,100,-56,-57,-58,-58,100,-88,100,100,100,-89,-87,-90,100,100,100,100,100,100,100
5,-3,15,-76,-33,-70,-55,-70,-72,-69,-87,-68,-85,-83,-87,-87,-85,-87,-86,-68,-87,-89,-84,-86,-61,-86,-64,-58,100,-53,-54,-54,-55,100,-88,100,100,100,-89,-87,-90,100,100,100,100,100,100,100
5,-3,15,-34,-36,-65,-65,-66,-72,-73,-87,-72,-85,-86,-87,-87,-85,-87,-86,-68,-87,-89,-84,-86,-61,-86,-62,-58,100,-66,-67,-67,-66,100,-88,100,100,100,-89,-87,-90,100,100,100,100,100,100,100
6,-2,15,100,100,100,100,100,100,100,100,100,100,100,100,100,100,100,100,100,100,100,100,100,100,100,100,100,100,100,100,100,100,100,100,100,100,100,100,100,100,100,100,100,100,100,100,100
6,-2,15,-40,-31,-71,-58,-72,-67,-62,-87,-65,-85,-85,-87,-87,-85,-87,-86,-68,-87,-89,-83,-83,-61,-84,-57,-58,100,-57,-58,-58,-58,100,-88,100,-89,100,-89,-87,-90,100,100,100,100,100,100,100
6,-2,15,-68,-33,-70,-58,-71,-67,-62,-87,-71,-85,-82,100,-87,100,-85,-86,-67,-87,-89,-80,-83,-62,-81,-59,-57,100,-58,-58,-59,-59,100,-88,100,-89,100,100,-87,100,100,100,100,100,100,100,100
6,-2,15,-39,-41,-71,-63,-72,-67,-67,-87,-71,-85,-82,100,-87,100,-85,-86,-67,-87,-89,-80,-83,-62,-81,-59,-56,100,-62,-63,-63,-63,100,-88,100,-89,100,100,-87,100,100,100,100,100,100,100,100
6,-2,15,-73,-24,-66,-63,-66,-68,-66,-87,-65,-85,-82,100,-89,100,-88,-86,-67,-87,-89,-80,-83,-65,-84,-56,-56,100,-60,-60,-60,-61,100,-88,100,-89,100,100,-87,100,100,100,100,100,100,100,100
6,-2,15,-70,-33,-71,-64,-65,-67,-66,-87,-66,-85,-83,100,-89,100,-88,-86,-67,-87,-89,-80,-83,-63,-84,-58,-56,100,-63,-65,-62,-66,100,-88,100,-89,100,100,-87,100,100,100,100,100,100,100,100
6,-2,15,-45,-29,-71,-64,-65,-68,-66,-87,-65,-85,-83,100,-89,100,-88,-86,-67,-87,-89,-83,-82,-64,-80,-60,-56,100,-62,-61,-63,-62,100,-88,100,-89,100,100,-87,100,100,100,100,100,100,100,100
6,-2,15,-44,-35,-70,-60,-65,-68,-68,-87,-65,-85,-85,100,-89,100,-88,-86,-69,-87,-89,-83,-82,-69,-80,-57,-55,100,-59,-60,-61,-65,100,-88,100,-89,100,100,-87,100,100,100,100,100,100,100,100
6,-2,15,-36,-39,-67,-60,-67,-72,-69,-87,-69,-85,-80,100,-89,100,-85,-86,-71,-87,-89,-80,-80,-59,-80,-59,-50,100,-66,-62,-64,-63,100,-88,100,-89,100,100,-87,100,100,100,100,100,100,100,100
6,-2,15,-39,-32,-69,-68,-67,-66,-69,-87,-69,-85,-80,100,-89,100,-85,-86,-68,-87,-89,-80,-80,-59,-80,-57,-53,100,-66,-65,-65,-64,100,-88,100,-89,100,100,-87,100,100,100,100,100,100,100,100
6,-2,15,-41,-40,-67,-68,-65,-70,-67,-87,-68,-78,-77,100,-87,100,-87,-86,-68,-87,-89,-81,-80,-62,-81,-62,-54,100,-66,-60,-66,-61,100,-88,100,-89,100,100,-87,100,100,100,100,100,100,100,100
6,-2,15,-47,-30,-67,-59,-64,-68,-67,-87,-69,-78,-83,100,-87,100,-87,-86,-69,-87,-89,-81,-80,-58,-81,-59,-55,100,-60,-59,-58,-59,100,-88,100,-89,100,100,-87,100,100,100,100,100,100,100,100
6,-2,15,-47,-41,-69,-59,-66,-70,-67,-83,-67,-80,-84,-86,-88,100,-87,-86,-70,-87,-89,-79,-81,-62,-79,-56,-60,100,-56,-59,-57,-57,100,-88,100,-89,100,100,-87,100,100,100,100,100,100,100,100
6,-2,15,-41,-29,-73,-57,-71,-64,-65,-83,-64,-80,-84,-86,-88,100,-87,-86,-65,-87,-89,-79,-81,-61,-79,-54,-56,100,-58,-57,-58,-58,100,-88,100,-89,100,100,-87,100,100,100,100,100,100,100,100
6,-2,15,-39,-32,-73,-57,-71,-69,-65,-83,-64,-82,-80,-90,-88,-87,-88,-86,-68,-87,-89,-82,-83,-63,-84,-53,-55,100,-57,-57,-57,-57,100,-88,100,-89,100,100,-87,100,100,100,100,100,100,100,100
7,-1,15,-37,-40,-66,-57,-70,-66,-70,-83,-64,-82,-80,-90,-88,-87,-88,-86,-64,-87,-89,-82,-85,-61,-84,-55,-49,100,-61,-60,-61,-61,100,-88,100,-89,100,-89,-87,100,100,100,100,100,100,100,100
7,-1,15,-39,-41,-68,-59,-70,-66,-67,-83,-64,-82,-82,-90,-88,-87,-88,100,-67,-87,-89,-82,-85,-58,-84,-52,-49,100,-59,-59,-60,-60,100,100,100,100,100,-89,100,100,100,100,100,100,100,100,100
7,-1,15,-39,-41,-68,-59,-64,-61,-67,-79,-66,-79,-82,-90,-88,-87,-88,-89,-60,-87,-89,-79,-79,-58,-79,-57,-57,100,-61,-60,-60,-61,100,100,100,100,100,-89,100,100,100,100,100,100,100,100,100
7,-1,15,-36,-33,-63,-59,-64,-67,-67,-79,-66,-79,-82,-90,-88,-87,-88,-89,-65,-87,-89,-79,-79,-58,-79,-55,-57,100,-58,-62,-62,-58,100,100,100,100,100,-89,100,100,100,100,100,100,100,100,100
7,-1,15,-39,-31,-68,-59,-69,-70,-68,-79,-69,-79,-83,-90,-88,-87,-88,-89,-70,-87,-89,-80,-79,-59,-81,-59,-54,100,-63,-59,-63,-60,100,100,100,100,100,-89,100,100,100,100,100,100,100,100,100
7,-1,15,-37,-40,-68,-66,-65,-69,-68,-79,-65,-79,-82,-90,-88,-87,-88,-89,-69,-87,-89,-80,-79,-59,-81,-54,-58,100,-64,-68,-66,-67,100,100,100,100,100,-89,100,100,100,100,100,100,100,100,100
7,-1,15,-43,-34,-64,-66,-66,-63,-65,-79,-65,-79,-85,-90,-87,-87,-86,-85,-63,-87,-89,-80,-78,-61,-80,-57,-54,100,-61,-61,-61,-61,100,100,100,100,100,-89,100,100,100,100,100,100,100,100,100
7,-1,15,-41,-35,-64,-59,-67,-61,-72,-79,-70,-79,-80,-90,-87,-87,-86,-85,-61,-87,-89,-80,-78,-62,-80,-49,-54,100,-59,-58,-59,-60,100,100,100,100,100,-89,100,100,100,100,100,100,100,100,100
7,-1,15,-37,-31,-64,-59,-64,-65,-77,-77,-77,-81,-84,-90,-87,-87,-88,-85,-61,-87,-89,-79,-79,-58,-79,-53,-53,100,-63,-70,-63,-69,100,100,100,100,100,-89,100,100,100,100,100,100,100,100,100
7,-1,15,-47,-31,-68,-60,-65,-64,-68,-77,-68,-81,-80,-90,-87,-87,-88,-85,-64,-87,-89,-76,-79,-58,-76,-56,-55,100,-60,-61,-67,-67,100,100,100,100,100,-89,-87,100,100,100,100,100,100,100,100
7,-1,15,-42,-35,-69,-60,-68,-67,-68,-77,-72,-86,-82,-90,-87,-87,-88,-89,-67,-87,-89,-76,-81,-62,-81,-52,-51,100,-64,-59,-60,-60,100,100,100,100,100,-89,-86,100,100,100,100,100,100,100,100
7,-1,15,-44,-26,-68,-68,-68,-66,-73,-77,-74,-86,-79,-90,-87,-87,-88,-89,-66,-87,-89,-76,-81,-62,-81,-53,-56,100,-67,-68,-69,-68,100,100,100,100,100,-89,-86,100,100,100,100,100,100,100,100
7,-1,15,-41,-33,-65,-68,-66,-62,-73,-75,-63,-75,-80,-90,-87,-87,-88,-89,-62,-87,-89,-75,-75,-56,-75,-58,-50,100,-58,-59,-57,-57,100,100,100,100,100,-89,-86,100,100,100,100,100,100,100,100
7,-1,15,-42,-35,-66,-61,-66,-64,-66,-75,-68,-75,-84,-90,-87,-87,-88,-89,-64,-87,-89,-75,-75,-55,-75,-53,-55,100,-63,-60,-61,-61,100,100,100,100,100,-89,-86,100,100,100,100,100,100,100,100
8,0,15,-42,-39,-72,-61,-72,-63,-72,-81,-71,-78,-77,-90,-87,-84,-88,-86,-67,-87,-89,-80,-78,-58,-77,-58,-52,100,-63,-63,-62,-63,100,100,100,100,100,-89,-86,100,100,100,100,100,100,100,100
8,0,15,-39,-44,-67,-61,-65,-64,-73,-80,-73,-78,-75,100,-87,-84,-88,-86,-65,-87,100,-80,-78,-59,-77,-53,-52,100,-62,-63,-69,-63,100,100,100,100,100,-89,-86,100,100,100,100,100,100,100,100
8,0,15,-52,-38,-63,-61,-59,-67,-78,-80,-82,-78,-79,-86,-86,-84,-88,-86,-69,-87,100,-81,-82,-61,-82,-49,-56,100,-71,-68,-70,-69,100,100,100,100,100,-89,-86,100,100,100,100,100,100,100,100
8,0,15,-43,-33,-77,-64,-65,-59,-73,-80,-75,-78,-78,-86,-86,-84,-88,-86,-59,-87,100,-81,-82,-60,-82,-58,-54,100,-62,-62,-70,-69,100,100,100,100,100,-89,-86,100,100,100,100,100,100,100,100
8,0,15,-43,-33,-77,-64,-72,-64,-73,-76,-75,-76,-78,-86,-88,-87,-89,-86,-65,-87,100,-76,-75,-57,-75,-52,-50,100,-62,-68,-70,-69,100,100,100,100,100,-89,-86,100,100,100,100,100,100,100,100
8,0,15,-45,-35,-63,-60,-63,-64,-65,-76,-65,-76,-81,-86,-88,-87,-89,-86,-65,-87,100,-76,-75,-57,-75,-50,-51,100,-61,-60,-68,-61,100,100,100,100,100,-89,-86,100,100,100,100,100,100,100,100
8,0,15,-38,-32,-65,-60,-65,-63,-64,-78,-72,-82,-81,-85,-86,-87,-89,-86,-63,-87,100,-78,-78,-59,-78,-51,-50,100,-77,-68,-77,-68,100,100,100,100,100,-89,-86,100,100,100,100,100,100,100,100
8,0,15,-38,-67,-64,-60,-69,-61,-70,-81,-69,-82,-77,-85,-86,-87,-89,-86,-62,-87,100,-78,-78,-59,-78,-53,-55,100,-73,-71,-77,-77,100,100,100,100,100,-89,-86,100,100,100,100,100,100,100,100
8,0,15,-39,-77,-67,-60,-66,-60,-74,-81,-74,-77,-73,-85,-87,-88,-86,-87,-61,-87,100,-80,-79,-55,-78,-59,-53,100,-71,-64,-71,-64,100,100,100,100,100,-89,-86,100,100,100,100,100,100,100,100
8,0,15,-45,-76,-73,-60,-74,-61,-72,-76,-79,-77,-74,-85,-87,-88,-86,-87,-61,-87,100,-80,-79,-55,-78,-50,-55,100,-65,-63,-71,-64,100,100,100,100,100,-89,-86,100,100,100,100,100,100,100,100
8,0,15,-41,-36,-74,-60,-70,-62,-74,-76,-74,-77,-74,-85,-87,-88,-86,-90,-62,-87,100,-80,-78,-56,-77,-53,-55,100,-72,-65,-73,-65,100,100,100,100,100,-89,-86,100,100,100,100,100,100,100,100
8,0,15,-43,-36,-71,-60,-71,-63,-77,-76,-78,-77,-74,-85,-87,-88,-86,-90,-62,-87,-86,-76,-78,-56,-77,-55,-58,100,-71,-71,-73,-71,100,100,100,100,100,-89,-86,100,100,100,100,100,100,100,100
9,1,15,-46,-31,-73,-70,-77,-60,-69,-75,-77,-77,-79,-85,-87,-88,-86,-90,-66,-87,-86,-77,-78,-60,-76,-60,-51,100,-70,-71,-71,-70,100,100,100,100,100,-89,-86,100,100,100,100,100,100,100,100
9,1,15,-44,-36,-73,-70,-77,-59,-69,-74,-77,-75,-79,-85,-87,-88,-86,-90,-60,-87,-86,-74,-73,-63,-75,-52,-50,100,-70,-67,-70,-69,100,100,100,100,100,100,100,100,100,100,100,100,100,100,100
9,1,15,-43,-41,-73,-72,-77,-56,-77,-74,-77,-75,-79,-85,-87,-88,-86,-90,-58,-87,-86,-74,-73,-56,-75,-51,-51,100,-72,-73,-74,-74,100,100,100,100,100,100,100,100,100,100,100,100,100,100,100
9,1,15,-41,-30,-73,-72,-77,-61,-77,-75,-77,-75,-74,-85,-87,-88,-86,-90,-60,-87,-86,-75,-75,-51,-75,-58,-54,100,-71,-68,-72,-67,100,100,100,100,100,100,100,100,100,100,100,100,100,100,100
9,1,15,-39,-30,-78,-71,-77,-60,-72,-78,-73,-75,-83,-85,-87,-88,-86,-90,-60,-87,-86,-77,-75,-52,-75,-52,-50,100,-70,-68,-72,-70,100,100,100,100,100,100,100,100,100,100,100,100,100,100,100
9,1,15,-47,-31,-78,-71,-77,-56,-72,-74,-71,-75,-79,-85,-86,-87,-87,-90,-56,-87,-86,-76,-75,-51,-75,-54,-50,100,-69,-64,-68,-65,100,100,100,100,100,100,100,100,100,100,100,100,100,100,100
9,1,15,-44,-40,-75,-74,-77,-61,-72,-74,-71,-75,-82,-85,-86,-87,-87,-90,-60,-87,-86,-76,-75,-60,-75,-55,-52,100,-74,-74,-67,-73,100,100,100,100,100,100,100,100,100,100,100,100,100,100,100
9,1,15,-43,-80,-76,-74,-76,-61,-74,-74,-73,-75,-72,-85,-86,-87,-87,-90,-60,-87,-86,-76,-81,-62,-81,-53,-52,100,-65,-77,-66,-76,100,100,100,100,100,100,100,100,100,100,100,100,100,100,100
9,1,15,-67,-39,-76,-74,-76,-74,-74,-80,-74,-75,-72,-85,-86,-87,-87,-90,-65,-87,-86,-76,-81,-58,-81,-51,-50,100,-72,-65,-72,-72,100,100,100,100,100,100,100,100,100,100,100,100,100,100,100
9,1,15,-37,-41,-74,-74,-75,-67,-72,-80,-72,-75,-72,-85,-86,-87,-87,-90,-65,-87,-86,-76,-71,-53,-71,-50,-50,100,-66,-67,-67,-67,100,100,100,100,100,100,100,100,100,100,100,100,100,100,100
9,1,15,-46,-35,-72,-71,-72,-60,-76,-79,-76,-75,-78,-85,-86,-87,-87,-90,-65,-87,-86,-76,-71,-56,-71,-54,-52,100,-71,-70,-69,-70,100,100,100,100,100,100,100,100,100,100,100,100,100,100,100
9,1,15,-45,-79,-72,-71,-72,-58,-76,-77,-76,-75,-78,-85,-86,-87,-87,-90,-58,-87,-86,-76,-76,-57,-76,-59,-54,100,-80,-75,-81,-79,100,100,100,100,100,100,100,100,100,100,100,100,100,100,100
9,1,15,-48,-34,-77,-75,-77,-61,-75,-77,-75,-75,-81,-85,-86,-87,-87,-90,-61,-87,-86,-80,-76,-55,-76,-46,-56,100,-74,-74,-76,-75,100,100,100,100,100,100,100,100,100,100,100,100,100,100,100
9,1,15,-44,-30,-77,-75,-77,-57,-75,-77,-77,-75,-76,-85,-86,-87,-87,-88,-57,-87,-86,-80,-75,-54,-76,-55,-49,100,-74,-80,-76,-75,100,100,100,100,100,100,100,100,100,100,100,100,100,100,100
10,2,15,-42,-33,-76,-70,-75,-56,-71,-77,-73,-75,-80,-84,-86,-87,-87,-88,-55,-87,-86,-80,-75,-60,-76,-57,-48,100,-69,-69,-69,-69,100,100,100,100,100,100,100,100,100,100,100,100,100,100,100
10,2,15,-74,-34,-74,-70,-74,-60,-72,-77,-71,-79,-75,-81,-86,-87,-87,-88,-59,-87,100,-79,-80,-59,-79,-55,-48,100,-69,-72,-70,-72,100,100,100,100,100,100,100,100,100,100,100,100,100,100,100
10,2,15,-44,-37,-75,-75,-74,-56,-75,-77,-72,-79,-76,-81,-86,-87,-87,-88,-55,-87,100,-79,-80,-59,-79,-55,-49,100,-75,-75,-74,-75,100,100,100,100,100,100,100,100,100,100,100,100,100,100,100
10,2,15,-46,-39,-75,-75,-74,-55,-78,-77,-72,-79,-73,-81,-86,-86,-87,-88,-55,-87,100,-79,-74,-58,-74,-55,-45,100,-76,-77,-75,-75,100,100,100,100,100,100,100,100,100,100,100,100,100,100,100
10,2,15,-46,-37,-73,-73,-74,-51,-73,-74,-75,-79,-73,-81,-86,-86,-87,-88,-56,-87,100,-76,-74,-58,-74,-56,-45,100,-73,-74,-74,-73,100,100,100,100,100,100,100,100,100,100,100,100,100,100,100
10,2,15,-40,-41,-74,-73,-74,-53,-74,-74,-75,-79,-78,-82,-86,-86,-87,-86,-53,-87,100,-76,-77,-58,-76,-56,-53,100,-68,-69,-67,-67,100,100,100,100,100,100,100,100,100,100,100,100,100,100,100
10,2,15,-43,-35,-75,-69,-77,-56,-74,-74,-79,-79,-75,-82,-86,-86,-87,-86,-56,-87,100,-76,-77,-56,-76,-52,-51,100,-69,-69,-68,-69,100,100,100,100,100,100,100,100,100,100,100,100,100,100,100
10,2,15,-37,-40,-75,-69,-75,-56,-74,-74,-75,-73,-75,-85,-86,-86,-85,-86,-57,-87,100,-71,-72,-58,-73,-51,-51,100,-67,-68,-64,-68,100,100,-72,100,100,100,100,100,100,100,100,100,100,100,100
10,2,15,-42,-32,-70,-71,-75,-63,-74,-74,-75,-73,-75,-85,-86,-86,-85,-87,-63,-87,100,-71,-72,-59,-73,-55,-51,100,-71,-72,-77,-71,100,100,-72,100,100,100,100,100,100,100,100,100,100,100,100
10,2,15,-36,-30,-70,-71,-72,-53,-76,-74,-75,-73,-75,-85,-86,-86,-85,-87,-53,-87,100,-78,-77,-61,-76,-52,-48,100,-68,-72,-68,-72,100,100,-72,100,100,100,100,100,100,100,100,100,100,100,100
10,2,15,-44,-32,-70,-69,-72,-57,-76,-75,-72,-73,-80,-85,-86,-86,-85,-87,-56,-87,100,-78,-77,-57,-76,-53,-49,100,-69,-66,-72,-69,100,100,-72,100,100,100,100,100,100,100,100,100,100,100,100
10,2,15,-45,-31,-74,-69,-74,-54,-73,-75,-74,-73,-76,-85,-86,-86,-88,-85,-54,-87,100,-74,-77,-59,-75,-53,-51,100,-67,-72,-67,-72,100,100,-72,100,100,100,100,100,100,100,100,100,100,100,100
10,2,15,-39,-30,-74,-67,-74,-56,-73,-75,-72,-73,-76,-85,-86,-86,-88,-85,-54,-87,100,-74,-77,-56,-75,-56,-51,100,-66,-67,-68,-66,100,100,-72,100,100,100,100,100,100,100,100,100,100,100,100
11,3,15,-49,-34,-72,-75,-74,-57,-76,-75,-76,-80,-77,-85,-86,-86,-88,-85,-57,-87,100,-80,-79,-59,-80,-58,-53,100,-76,-75,-75,-74,100,100,-72,100,100,100,100,100,100,100,100,100,100,100,100
11,3,15,-76,-78,-72,-75,-72,-53,-73,-75,-74,-80,-78,-85,-86,-87,-88,-85,-52,-87,100,-80,-80,-60,-80,-60,-53,100,-73,-73,-72,-71,100,100,-72,100,100,100,100,100,100,100,100,100,100,100,100
11,3,15,-44,-75,-72,-67,-72,-57,-75,-75,-74,-80,-81,-85,-86,-87,-88,-85,-57,-87,100,-80,-80,-61,-80,-54,-53,100,-68,-68,-68,-68,100,100,-72,100,100,100,100,100,100,100,100,100,100,100,100
11,3,15,-47,-34,-79,-67,-72,-60,-75,-69,-72,-69,-77,-85,-86,-87,-88,-85,-59,-87,100,-68,-69,-61,-78,-53,-47,100,-68,-62,-67,-64,100,100,100,100,100,100,100,100,100,100,100,100,100,100,100
11,3,15,-42,-33,-74,-68,-73,-60,-74,-85,-74,-69,-75,-85,-86,-87,-88,-85,-59,-87,100,-76,-69,-58,-78,-57,-50,100,-66,-66,-70,-67,100,100,100,100,100,100,100,100,100,100,100,100,100,100,100
11,3,15,-44,-30,-76,-68,-76,-55,-70,-85,-77,-69,-77,-85,-81,-87,-83,-82,-55,-87,100,-71,-71,-60,-71,-60,-50,100,-69,-66,-69,-65,100,100,100,100,100,100,100,100,100,100,100,100,100,100,100
11,3,15,-45,-42,-73,-67,-73,-57,-70,-85,-72,-69,-78,-85,-81,-87,-83,-82,-57,-87,100,-71,-71,-60,-71,-53,-53,100,-68,-66,-66,-66,100,100,100,100,100,100,100,100,100,100,100,100,100,100,100
11,3,15,-77,-77,-81,-67,-81,-64,-70,-77,-75,-76,-78,-85,-81,-87,-84,-82,-65,-87,100,-77,-77,-57,-76,-55,-49,100,-67,-61,-67,-61,100,100,100,100,100,100,100,100,100,100,100,100,100,100,100
11,3,15,-70,-75,-81,-65,-75,-56,-75,-76,-75,-76,-77,-85,-81,-87,-84,-82,-57,-87,100,-75,-77,-57,-76,-54,-47,100,-65,-64,-65,-65,100,100,100,100,100,100,100,100,100,100,100,100,100,100,100
11,3,15,-44,-45,-74,-65,-74,-53,-74,-76,-77,-75,-77,-85,-84,-85,-86,-85,-51,-87,100,-76,-77,-56,-74,-59,-47,100,-66,-64,-66,-66,100,100,100,100,100,100,100,100,100,100,100,100,100,100,100
11,3,15,-43,-32,-74,-69,-77,-55,-74,-78,-78,-75,-84,100,-84,-85,-86,-85,-57,-87,100,-76,-77,-59,-76,-58,-51,100,-70,-69,-69,-68,100,100,100,100,100,100,100,100,100,100,100,100,100,100,100
11,3,15,-44,-30,-79,-69,-77,-57,-74,-78,-74,-77,-84,-83,-85,-85,-86,-85,-57,-87,100,-75,-78,-64,-74,-59,-51,100,-68,-68,-69,-69,100,100,100,100,100,100,100,100,100,100,100,100,100,100,100
11,3,15,-46,-31,-72,-72,-73,-61,-81,-76,-80,-77,-75,-83,-85,-85,-86,-85,-61,-87,100,-74,-78,-59,-74,-55,-47,100,-73,-72,-72,-73,100,100,100,100,100,100,100,100,100,100,100,100,100,100,100
11,3,15,-50,-42,-80,-72,-78,-59,-78,-76,-77,-79,-78,-83,-85,-85,-85,-86,-56,-87,100,-78,-79,-59,-78,-55,-50,100,-67,-70,-68,-68,100,100,100,100,100,100,100,100,100,100,100,100,100,100,100
11,3,15,-43,-39,-79,-69,-79,-58,-75,-80,-75,-79,-75,-83,-85,-85,-85,-86,-59,-87,100,-79,-79,-57,-78,-56,-48,100,-69,-69,-68,-68,100,100,100,100,100,100,100,100,100,100,100,100,100,100,100
12,4,15,-45,-78,-70,-69,-68,-66,-75,-79,-75,-80,-83,-83,-86,-85,-85,-86,-62,-87,100,-80,-79,-61,-76,-65,-53,100,-70,-70,-69,-70,100,100,100,100,100,100,100,100,100,100,100,100,100,100,100
12,4,15,-47,-36,-69,-68,-70,-66,-76,-79,-75,-80,-84,-84,-86,-85,-85,-86,-62,-87,100,-80,-79,-61,-76,-58,-50,100,-66,-67,-69,-67,100,100,100,100,100,100,100,100,100,100,100,100,100,100,100
12,4,15,-49,-79,-74,-68,-74,-59,-75,-79,-76,-80,-78,-84,-85,-86,-83,-86,-58,-87,100,-80,-78,-61,-76,-61,-54,100,-68,-67,-67,-68,100,100,100,100,100,100,100,100,100,100,100,100,100,100,100
12,4,15,-47,-36,-74,-68,-76,-59,-75,-79,-75,-80,-81,-84,-85,-86,-83,-86,-59,-87,100,-80,-78,-59,-76,-58,-55,100,-64,-65,-64,-65,100,100,100,100,100,100,100,100,100,100,100,100,100,100,100
12,4,15,-46,-39,-74,-68,-76,-66,-78,-79,-75,-80,-81,-84,-86,-86,-86,-86,-66,-87,100,-80,-79,-65,-78,-65,-55,100,-72,-72,-71,-72,100,100,100,100,100,100,100,100,100,100,100,100,100,100,100
12,4,15,-79,-44,-74,-65,-71,-62,-72,-79,-75,-80,-85,-84,-86,-86,-85,-86,-66,-87,100,-80,-79,-61,-78,-58,-53,100,-65,-66,-66,-65,100,100,100,100,100,100,100,100,100,100,100,100,100,100,100
12,4,15,-43,-40,-72,-65,-71,-66,-72,-79,-75,-80,-82,-84,-83,-84,-84,-84,-65,-87,100,-80,-79,-63,-79,-58,-53,100,-67,-69,-68,-67,100,100,100,100,100,100,100,100,100,100,100,100,100,100,100
12,4,15,-39,-38,-73,-69,-73,-68,-73,-79,-72,-80,-82,-84,-83,-82,-84,-84,-65,-87,100,-80,-79,-63,-79,-57,-52,100,-69,-69,-67,-69,100,100,100,100,100,100,100,100,100,100,100,100,100,100,100
12,4,15,-45,-38,-73,-69,-73,-60,-73,-79,-77,-80,-76,-84,-83,-82,-84,-84,-60,-87,100,-80,-81,-63,-81,-55,-51,100,-72,-75,-62,-71,100,100,100,100,100,100,100,100,100,100,100,100,100,100,100
12,4,15,-42,-38,-80,-67,-73,-60,-73,-79,-77,-80,-80,-84,-83,-82,-84,-84,-60,-87,100,-80,-81,-67,-81,-55,-51,100,-69,-67,-69,-67,100,100,100,100,100,100,100,100,100,100,100,100,100,100,100
12,4,15,-44,-38,-75,-67,-76,-57,-73,-81,-74,-80,-76,-84,-83,-82,-87,-84,-58,-87,100,-81,-79,-67,-79,-57,-53,100,-67,-66,-66,-67,100,100,100,100,100,100,100,100,100,100,100,100,100,100,100
12,4,15,-44,-40,-75,-74,-74,-57,-73,-81,-80,-80,-78,-84,-83,-82,-87,-84,-58,-87,100,-81,-79,-67,-79,-64,-55,100,-74,-74,-73,-73,100,100,100,100,100,100,100,100,100,100,100,100,100,100,100
12,4,15,-80,-45,-76,-74,-76,-57,-75,-81,-75,-80,-79,-84,-83,-87,-87,-84,-58,-87,100,-81,-79,-62,-80,-57,-51,100,-71,-75,-70,-74,100,100,100,100,100,100,100,100,100,100,100,100,100,100,100
13,1.2,14,-43,-33,-69,-73,-76,-59,-67,-76,-76,-76,-79,-84,-83,-87,-89,-84,-65,-87,100,-78,-77,-56,-71,-50,-46,100,-70,-68,-70,-67,100,100,100,100,100,100,-86,100,-89,100,100,100,100,100,100
13,1.2,14,-43,-35,-69,-69,-76,-58,-67,-76,-76,-76,-78,100,100,100,-89,100,-60,-68,100,-78,-77,-56,-71,-52,-46,100,-70,-69,-69,-69,100,100,100,100,100,100,-87,100,-89,100,100,100,100,100,100
13,1.2,14,-39,-35,-68,-69,-69,-55,-68,-76,-68,-76,-78,100,100,-86,-87,100,-55,-68,100,-73,-75,-56,-76,-46,-45,100,-69,-69,-70,-67,100,100,100,100,100,100,-90,100,-89,100,100,100,100,100,100
13,1.2,14,-42,-38,-72,-69,-69,-57,-72,-75,-70,-76,-73,100,100,-86,-87,100,-55,-68,100,-73,-75,-57,-76,-54,-43,100,-67,-65,-69,-67,100,100,100,100,100,100,-90,100,-89,100,100,100,100,100,100
13,1.2,14,-70,-37,-70,-69,-70,-57,-71,-75,-72,-76,-73,100,100,-86,-87,100,-55,-68,100,-73,-83,-62,-83,-51,-47,100,-69,-64,-68,-69,100,100,100,100,100,100,-90,100,-89,100,100,100,100,100,100
13,1.2,14,-75,-38,-71,-65,-73,-55,-71,-75,-71,-76,-79,100,100,-86,-87,100,-58,-68,100,-73,-83,-57,-83,-56,-44,100,-69,-66,-68,-69,100,100,100,100,100,100,-90,100,-89,100,100,100,100,100,100
13,1.2,14,-74,-33,-71,-65,-73,-53,-71,-75,-72,-76,-72,-86,-88,-86,-87,100,-58,-68,100,-73,-77,-55,-83,-48,-44,100,-70,-71,-70,-71,100,100,100,100,100,100,-90,100,-89,100,100,100,100,100,100
13,1.2,14,-43,-33,-71,-73,-72,-59,-71,-75,-72,-76,-74,-86,-88,-86,-87,100,-59,-68,100,-73,-77,-53,-83,-50,-43,100,-70,-73,-70,-71,100,100,100,100,100,100,-90,100,-89,100,100,100,100,100,100
13,1.2,14,-39,-38,-71,-73,-72,-59,-71,-75,-72,-76,-76,-86,-88,-86,-85,100,-59,-68,100,-73,-75,-52,-77,-54,-43,100,-70,-73,-70,-70,100,100,100,100,100,100,-90,100,-89,100,100,100,100,100,100
13,1.2,14,-39,-38,-71,-70,-76,-55,-71,-75,-74,-76,-74,-86,-88,-86,-85,100,-55,-68,100,-73,-75,-58,-77,-50,-43,100,-70,-64,-70,-70,100,100,100,100,100,100,-90,100,-89,100,100,100,100,100,100
14,1.2,13,100,100,100,100,100,100,100,100,100,100,100,100,100,100,100,100,100,100,100,100,100,100,100,100,100,100,100,100,100,100,100,100,100,100,100,100,100,100,100,100,100,100,100,100,100
14,1.2,13,-45,-31,-72,-68,-73,-55,-73,-75,-73,-76,-74,-86,-88,-88,-87,-90,-53,-68,100,-73,-79,-58,-79,-50,-46,100,-65,-66,-71,-67,100,100,100,100,100,100,-90,100,-89,100,100,100,100,100,100
14,1.2,13,-72,-31,-78,-68,-73,-54,-73,-75,-73,-75,-71,-86,-88,-88,-85,-86,-55,-68,100,-74,-75,-53,-74,-48,-42,100,-65,-66,-71,-78,100,100,100,100,100,100,-90,100,-89,100,100,100,100,100,100
14,1.2,13,-72,-31,-79,-71,-73,-61,-69,-75,-73,-75,-72,-86,-88,-88,-85,-86,-61,-68,100,-74,-75,-54,-74,-50,-42,100,-65,-66,-71,-78,100,100,100,100,100,100,-90,100,-89,-86,100,100,100,100,100
14,1.2,13,-45,-31,-69,-71,-73,-63,-69,-69,-69,-69,-73,-86,-84,-88,-85,-84,-53,-68,100,-69,-75,-55,-68,-48,-48,100,-73,-73,-73,-73,100,100,100,100,100,100,-90,100,-89,-86,100,100,100,100,100
14,1.2,13,-44,-36,-67,-69,-71,-58,-67,-69,-67,-69,-78,-86,-84,-88,-85,-84,-59,-68,100,-69,-75,-57,-68,-50,-48,100,-70,-70,-70,-70,100,100,100,100,100,100,-90,100,-89,-86,100,100,100,100,100
14,1.2,13,-39,-36,-67,-69,-77,-61,-67,-69,-72,-69,-78,-86,-84,-88,-85,-84,-53,-68,100,-69,-75,-53,-68,-47,-48,100,-70,-70,-70,-65,100,100,100,100,100,100,-90,100,-89,-86,100,100,100,100,100
14,1.2,13,-39,-36,-67,-70,-77,-53,-67,-69,-77,-69,-78,-86,-84,-88,-85,-84,-52,-68,100,-69,-75,-53,-68,-53,-44,100,-70,-72,-71,-72,100,100,100,100,100,100,-90,100,-89,-86,100,100,100,100,100
14,1.2,13,-50,-36,-67,-70,-75,-60,-73,-69,-77,-69,-68,-81,-85,-88,-85,-84,-59,-68,100,-71,-71,-54,-73,-51,-44,100,-68,-71,-71,-65,100,100,100,100,100,100,-90,100,-89,-86,100,100,100,100,100
14,1.2,13,-48,-37,-72,-70,-72,-60,-65,-70,-65,-69,-71,-81,-85,-88,-85,-84,-59,-68,100,-70,-71,-57,-69,-48,-45,100,-71,-70,-70,-65,100,100,100,100,100,100,-90,100,-89,-86,100,100,100,100,100
14,1.2,13,-40,-32,-76,-70,-72,-55,-79,-70,-65,-75,-72,-81,-82,-88,-81,-84,-55,-68,100,-75,-74,-57,-71,-51,-45,100,-67,-67,-67,-68,100,100,100,100,100,100,-90,100,-89,-86,100,100,100,100,100
14,1.2,13,-46,-33,-71,-68,-71,-60,-76,-72,-76,-75,-72,-81,-82,-88,-79,-84,-62,-68,100,-75,-74,-57,-71,-49,-45,100,-68,-69,-69,-68,100,100,100,100,100,100,-90,100,-89,-86,100,100,100,100,100
15,1.2,12,-41,-33,-69,-68,-69,-53,-76,-72,-69,-75,-72,-82,-85,-82,-87,-83,-58,-68,100,-73,-73,-54,-73,-50,-40,100,-67,-67,-66,-74,100,100,-72,100,100,100,-90,100,-87,-86,100,100,100,100,100
15,1.2,12,-43,-31,-69,-74,-68,-58,-76,-72,-75,-75,-72,-82,-85,-82,-87,-83,-58,-68,100,-73,-73,-53,-73,-49,-42,100,-67,-73,-66,-74,100,100,-72,100,100,100,-90,100,-87,-86,100,100,100,100,100
15,1.2,12,-47,-31,-69,-74,-70,-59,-76,-72,-72,-76,-66,-82,-85,-82,-87,-83,-57,-68,100,-76,-76,-52,-76,-46,-42,100,-74,-73,-75,-74,100,100,-72,100,100,100,-88,100,-87,-88,100,100,100,100,100
15,1.2,12,-47,-31,-69,-73,-70,-59,-76,-72,-69,-76,-78,-82,-85,-82,-87,-83,-57,-68,100,-76,-76,-50,-76,-50,-42,100,-74,-74,-73,-73,100,100,-72,100,100,100,-88,100,-87,-88,100,100,100,100,100
15,1.2,12,-45,-31,-69,-73,-67,-53,-70,-72,-69,-76,-73,-82,-85,-82,-73,-83,-54,-68,100,-76,-70,-54,-76,-44,-42,100,-70,-70,-70,-70,100,100,-72,100,100,100,-88,100,-87,-88,100,100,100,100,100
15,1.2,12,-44,-32,-69,-73,-67,-53,-70,-72,-71,-76,-74,-82,-83,-82,-73,-83,-54,-68,-86,-76,-70,-50,-76,-48,-41,100,-69,-70,-69,-70,100,100,-72,100,100,100,-88,100,-87,-88,100,100,100,100,100
15,1.2,12,-49,-40,-69,-73,-67,-52,-72,-72,-71,-76,-77,-82,-83,-82,-73,-81,-52,-68,-86,-76,-67,-57,-69,-51,-44,100,-74,-64,-75,-74,100,100,-67,100,100,100,-88,100,-87,-88,100,100,100,100,100
15,1.2,12,-45,-40,-69,-66,-70,-52,-68,-72,-69,-76,-72,-82,-83,-82,-73,-81,-52,-68,-86,-76,-67,-51,-69,-52,-44,100,-65,-67,-65,-66,100,100,-67,100,100,100,-88,100,-87,-88,100,100,100,100,100
15,1.2,12,-47,-33,-72,-66,-70,-54,-69,-72,-70,-76,-74,-82,-82,-81,-81,-82,-52,-68,-86,-76,-75,-53,-76,-55,-40,100,-70,-70,-71,-71,100,100,-67,100,100,100,-88,100,-87,-88,100,100,100,100,100
15,1.2,12,-46,-79,-71,-70,-71,-54,-70,-72,-74,-76,-71,-82,-82,-81,-81,-82,-52,-68,-86,-76,-75,-53,-76,-50,-52,100,-70,-70,-71,-71,100,100,-67,100,100,100,-88,100,-87,-88,-89,-91,100,100,100
15,1.2,12,-44,-39,-72,-68,-72,-64,-70,-69,-71,-69,-74,-82,-84,-81,-86,-86,-56,-68,-86,-71,-69,-54,-71,-50,-42,100,-68,-63,-65,-69,100,100,-67,100,100,100,-88,100,-87,-88,-89,-91,100,100,100
16,1.5,11,-42,-37,-64,-68,-64,-54,-66,-69,-65,-69,-72,-82,-83,-81,-83,-85,-53,-68,-86,-71,-75,-50,-74,-50,-34,100,-65,-68,-65,-66,100,100,-67,100,100,100,-88,100,-89,-88,-89,-91,100,100,100
16,1.5,11,-40,-40,-63,-67,-64,-54,-62,100,-69,100,-72,100,100,100,100,-85,-53,-68,100,100,-75,-50,-74,-43,-39,100,-65,-67,-65,-66,100,100,100,100,100,100,100,100,-89,100,100,100,100,100,100
16,1.5,11,-49,-42,-63,-67,-64,-53,-62,100,-64,100,-70,100,100,100,100,-85,-52,-68,100,100,-67,-50,-68,-46,-39,100,-65,-67,-65,-75,100,100,100,100,100,100,100,100,-89,100,100,100,-89,100,100
16,1.5,11,-49,-42,-70,-73,-64,-53,-62,100,-70,100,-71,100,100,100,100,-85,-52,-72,-86,100,-67,-50,-68,-55,-39,100,-65,-74,-65,-75,100,100,100,100,100,100,100,100,-89,100,100,100,-89,-89,100
16,1.5,11,-44,-42,-70,-73,-67,-63,-66,-70,-70,-70,-67,100,-82,-83,-81,-85,-63,-72,-86,-70,-70,-60,-70,-50,-37,-92,-65,-69,-65,-72,100,100,100,100,100,100,100,100,-89,100,100,100,-89,-89,100
16,1.5,11,-44,-42,-70,-69,-65,-53,-66,-70,-65,-70,-71,100,-82,-83,-81,-85,-57,-72,-86,-70,-70,-60,-70,-49,-37,-92,-69,-71,-72,-71,100,100,100,100,100,100,100,100,-89,100,100,100,-89,-90,100
16,1.5,11,-46,-42,-64,-69,-66,-61,-73,-69,-73,-67,-65,100,-82,-83,-83,-85,-56,-72,-86,-67,-68,-51,-68,-51,-43,-92,-67,-68,-67,-71,100,100,100,100,100,100,100,100,-89,100,100,100,-89,-90,100
16,1.5,11,-42,-37,-64,-69,-73,-61,-70,-69,-71,-67,-65,100,-82,-83,-83,-85,-56,-72,-86,-67,-68,-51,-68,-50,-37,-92,-70,-71,-70,-76,100,100,100,100,100,100,100,100,-89,100,100,100,-89,-90,100
16,1.5,11,-49,-34,-65,-69,-65,-52,-70,-66,-72,-72,-72,100,-82,-83,-83,-85,-54,-72,-86,-68,-72,-55,-65,-51,-35,-92,-68,-68,-75,-68,100,100,100,100,100,100,100,100,-89,100,100,100,-89,-90,100
16,1.5,11,-51,-34,-66,-63,-70,-55,-67,-69,-68,-72,-70,-87,-82,-83,-83,-85,-54,-72,-86,-68,-72,-57,-65,-47,-36,-92,-65,-64,-65,-81,100,100,100,100,100,100,100,100,-89,100,100,100,-89,-90,100
16,1.5,11,-47,-40,-71,-63,-66,-53,-71,-69,-71,-72,-72,-87,-82,-83,-83,-85,-54,-72,-86,-68,-67,-53,-65,-51,-42,-92,-68,-68,-73,-68,100,100,100,100,100,100,100,100,-89,100,100,-91,-89,-90,100
16,1.5,11,-44,-39,-67,-69,-67,-52,-65,-69,-66,-72,-66,-87,-82,-83,-83,-85,-54,-72,-86,-70,-67,-55,-65,-47,-42,-92,-69,-69,-69,-70,100,100,100,100,100,100,100,100,-89,100,100,-91,-89,-90,100
17,2,10,-75,-34,-59,-69,-59,-51,-60,-73,-59,-72,-66,-86,-82,-86,-83,-85,-54,-72,-86,-62,-62,-51,-62,-50,-40,-92,-69,-69,-69,-73,100,100,-62,100,100,100,100,100,-90,-78,100,-91,-90,-90,100
17,2,10,-75,-35,-62,-72,-62,-48,-60,-73,-63,-72,-70,-86,-82,-86,-83,100,-48,-72,-86,-62,-62,-52,-62,-49,-40,-92,-69,-69,-69,-73,100,100,-62,100,100,100,100,100,-90,-82,100,-91,-90,-90,100
17,2,10,-80,-35,-57,-72,-62,-49,-60,-63,-63,-63,-72,-83,-86,-86,-83,100,-48,-72,-86,-63,-63,-51,-67,-44,-40,-92,-76,-76,-75,-75,100,100,-62,100,100,100,100,100,-90,-83,100,-91,-90,-90,100
17,2,10,-80,-35,-57,-72,-62,-51,-60,-65,-63,-63,-73,-83,-86,-86,-83,100,-50,-72,-84,-63,-63,-51,-67,-45,-40,-92,-72,-73,-72,-71,100,100,-62,100,100,100,100,100,-90,-83,100,-91,-90,-90,100
17,2,10,-48,-39,-62,-72,-62,-48,-60,-63,-65,-62,-72,-83,-82,-86,-83,-82,-52,-72,-84,-62,-63,-53,-63,-49,-35,-92,-72,-73,-72,-71,100,100,-62,100,100,100,100,100,-90,-81,100,-91,-90,-90,100
17,2,10,-48,-39,-66,-79,-62,-53,-60,-62,-65,-62,-69,-83,-82,-86,-83,-82,-53,-72,-84,-63,-63,-53,-63,-42,-35,-92,-78,-78,-68,-76,100,100,-62,100,100,100,100,100,-90,-81,100,-91,-90,-90,100
17,2,10,-51,-79,-55,-79,-59,-48,-58,-64,-55,-64,-71,-83,-87,-86,-88,-86,-49,-72,-84,-65,-65,-53,-65,-50,-40,100,-82,-70,-70,-81,100,100,-62,100,100,100,100,100,-88,-82,100,-91,-90,-90,100
17,2,10,-49,-37,-58,-68,-57,-59,-58,-60,-58,-64,-71,-83,-87,-86,-88,-86,-49,-72,-84,-60,-65,-53,-65,-49,-44,100,-67,-70,-68,-74,100,100,-62,100,100,100,100,100,-88,-82,100,-91,-90,100,100
17,2,10,-79,-40,-58,-68,-55,-50,-55,-60,-58,-60,-72,-83,-87,-86,-80,-86,-53,-72,-81,-60,-60,-54,-60,-47,-44,100,-67,-70,-68,-72,100,100,-62,100,100,100,100,100,-88,-85,100,-91,-90,100,100
17,2,10,-46,-39,-58,-66,-55,-50,-57,-64,-56,-60,-74,-83,-87,-86,-80,-86,-53,-72,-81,-60,-60,-54,-63,-49,-37,100,-69,-70,-69,-70,100,100,-62,100,100,100,100,100,-88,-85,100,-91,-90,100,100
17,2,10,-48,-38,-58,-66,-55,-48,-64,-64,-56,-60,-74,-83,-87,-86,-80,-85,-48,-72,-86,-60,-60,-53,-60,-49,-37,100,-70,-70,-70,-70,100,100,-62,100,100,100,100,100,-88,-79,100,-91,-90,100,100
17,2,10,-53,-40,-62,-70,-64,-49,-63,-62,-64,-60,-72,-83,-87,-86,-86,-85,-50,-72,-86,-60,-60,-53,-60,-49,-41,100,-70,-70,-74,-69,100,100,-62,100,100,100,100,100,-88,-79,100,-91,-90,100,100
18,2,9,100,100,100,100,100,100,100,100,100,100,100,100,100,100,100,100,100,100,100,100,100,100,100,100,100,100,100,100,100,100,100,100,100,100,100,100,100,100,100,100,100,100,100,100,100
18,2,9,-50,-38,-67,-77,-67,-51,-64,-65,-64,-65,-70,-83,-87,-86,-86,-85,-50,-72,-86,-64,-64,-47,-65,-50,-41,100,-70,-71,-74,-71,100,100,-62,100,100,100,100,100,-88,-82,100,100,-90,-89,100
18,2,9,-51,-38,-64,-77,-67,-50,-64,-65,-65,-65,-70,-83,-87,-86,-87,-85,-51,-72,-86,-58,-60,-45,-59,-46,-41,-89,-68,-69,-69,-69,100,100,-62,100,100,100,100,100,-88,-78,100,100,-88,-89,100
18,2,9,-51,-38,-59,-73,-67,-51,-64,-61,-63,-65,-70,-83,-87,-86,-87,-85,-51,-72,-79,-60,-60,-45,-59,-45,-41,-89,-72,-72,-73,-73,100,100,-62,100,100,100,100,100,-88,-75,100,100,-88,-89,100
18,2,9,-50,-38,-59,-73,-57,-48,-64,-60,-59,-61,-70,-83,-87,-86,-87,-85,-48,-72,-83,-61,-68,-51,-61,-47,-40,-89,-74,-74,-75,-74,100,100,-62,100,100,100,100,100,-88,-82,100,-86,-88,-89,100
18,2,9,-50,-38,-59,-76,-57,-48,-64,-59,-75,-61,-65,-83,-87,-86,-87,-85,-48,-72,-83,-65,-68,-51,-66,-51,-40,-89,-73,-75,-74,-71,100,100,-62,100,100,100,100,100,-88,-82,100,-86,-88,-89,100
18,2,9,-58,-44,-68,-76,-68,-52,-69,-63,-67,-64,-71,-83,-83,-86,-84,-83,-52,-72,-83,-65,-63,-48,-64,-44,-42,-89,-75,-68,-68,-74,100,100,-62,100,100,100,100,100,-89,-77,100,-86,-88,-89,100
18,2,9,-50,-39,-63,-75,-61,-49,-63,-63,-60,-64,-71,-83,-83,-86,-84,-83,-49,-72,-83,-65,-63,-52,-64,-44,-42,-89,-74,-74,-74,-70,100,100,-62,100,100,100,100,100,-89,-77,100,-86,-88,-89,100
18,2,9,-55,-37,-63,-75,-61,-50,-70,-63,-60,-64,-71,-83,-83,-86,-84,-83,-49,-72,-83,-65,-62,-49,-61,-49,-38,-89,-68,-68,-69,-70,100,100,-62,100,100,100,100,100,-89,-77,100,-86,-88,-89,100
18,2,9,-46,-43,-66,-70,-63,-49,-63,-62,-65,-64,-71,-83,-83,-86,-84,-83,-50,-72,-81,-65,-62,-47,-61,-45,-43,-89,-69,-69,-68,-69,100,100,-62,100,100,100,100,100,-89,-79,100,-86,-88,-89,100
18,2,9,-51,-40,-61,-70,-63,-54,-63,-55,-63,-60,-78,-83,-88,-86,-87,-83,-48,-72,-82,-55,-55,-47,-55,-46,-44,-89,-68,-68,-68,-68,100,100,-62,100,100,100,100,100,-89,-81,100,-84,-88,-89,100
18,2,9,-50,-38,-64,-69,-61,-54,-63,-57,-64,-60,-67,-83,-88,-87,-87,-83,-48,-72,-82,-56,-55,-47,-55,-49,-40,-89,-69,-69,-69,-69,100,100,-62,100,100,100,100,100,-89,-81,100,-84,-88,-89,100
18,2,9,-57,-37,-60,-69,-59,-50,-68,-61,-70,-61,-73,-83,-87,-87,-85,-83,-50,-72,-82,-61,-61,-49,-61,-51,-40,-89,-75,-75,-75,-75,100,100,-62,100,100,100,100,100,-91,-81,100,-84,-88,-89,100
18,2,9,-51,-40,-64,-76,-64,-46,-60,-57,-59,-61,-66,-83,-87,-87,-85,-83,-46,-72,-79,-61,-61,-49,-61,-45,-43,-89,-75,-71,-70,-77,100,100,-62,100,100,100,100,100,-91,-81,100,-84,-88,-91,100
19,2,8,-55,-43,-64,-73,-63,-50,-68,-60,-68,-61,-72,-83,-87,-87,-85,-83,-51,-63,-79,-60,-59,-47,-60,-44,-39,-89,-72,-72,-71,-73,100,100,-62,100,100,100,100,100,-91,-86,100,-84,-88,-87,-89
19,2,8,-51,-41,-64,-73,-58,-48,-58,-62,-68,-61,-64,100,-86,100,-84,100,-47,-63,100,-61,-60,-56,-59,-43,-40,100,-75,-75,-75,-74,100,100,100,100,100,100,100,100,100,-82,100,-86,100,-87,-89
19,2,8,-52,-43,-61,-71,-60,-53,-61,-62,-62,-61,-64,100,-86,100,-84,100,-47,-63,100,-61,-60,-44,-59,-43,-42,100,-75,-72,-75,-74,100,100,100,100,100,100,100,100,-90,-82,100,-86,100,-87,-89
19,2,8,-58,-44,-59,-71,-59,-48,-60,-58,-59,-57,-72,100,-86,100,-84,100,-48,-63,100,-57,-56,-50,-56,-45,-42,100,-75,-72,-71,-74,100,100,100,100,100,100,100,100,-90,-81,100,-86,100,-87,-89
19,2,8,-55,-40,-58,-69,-59,-49,-60,-58,-59,-57,-70,100,-86,100,-84,100,-48,-63,100,-57,-56,-49,-56,-46,-44,100,-75,-69,-71,-74,100,100,100,100,100,100,100,100,-90,-79,100,-86,100,-89,-89
19,2,8,-55,-43,-57,-69,-57,-49,-62,-67,-60,-66,-69,100,-86,100,-84,100,-48,-63,-74,-68,-64,-48,-66,-44,-45,100,-75,-72,-71,-71,100,100,100,100,100,100,100,100,-87,-81,100,-83,100,-89,-89
19,2,8,-48,-40,-59,-69,-62,-49,-61,-56,-65,-66,-71,100,-86,-87,-84,100,-48,-63,-74,-55,-64,-48,-66,-46,-41,100,-75,-72,-71,-71,100,100,100,100,100,100,100,100,-87,-80,100,-83,100,-89,-89
19,2,8,-55,-49,-64,-69,-62,-50,-61,-56,-66,-54,-71,100,-86,-87,-84,100,-50,-63,-74,-55,-57,-52,-59,-48,-42,100,-75,-72,-73,-72,100,100,100,100,100,100,100,100,-87,-81,100,-83,100,-89,-89
19,2,8,-47,-43,-65,-71,-66,-55,-61,-62,-58,-54,-70,100,-86,-87,-84,100,-55,-63,-80,-62,-57,-50,-59,-53,-37,100,-70,-70,-70,-70,100,100,100,100,100,100,100,100,-87,-78,100,-83,100,-89,-89
19,2,8,-48,-43,-65,-71,-59,-52,-61,-62,-58,-54,-72,100,-86,-87,-84,100,-52,-63,-80,-62,-61,-50,-59,-47,-43,100,-70,-70,-70,-75,100,100,100,100,100,100,100,100,-87,-81,100,-87,100,-89,-89
19,2,8,-48,-43,-65,-74,-60,-48,-61,-67,-59,-54,-63,100,-86,-87,-84,100,-44,-63,-80,-62,-61,-47,-59,-47,-43,100,-70,-74,-70,-75,100,100,100,100,100,100,100,100,-87,-80,100,-87,100,-88,-89
19,2,8,-52,-43,-65,-74,-60,-46,-59,-59,-59,-64,-73,100,-86,-87,-87,100,-47,-63,-80,-60,-65,-51,-65,-47,-40,100,-69,-68,-69,-68,100,100,100,100,100,100,100,100,-90,-87,100,-89,100,-88,-89
19,2,8,-52,-43,-65,-71,-69,-50,-69,-59,-59,-64,-71,100,-86,-87,-87,100,-47,-63,-81,-60,-65,-47,-65,-43,-40,100,-72,-71,-72,-71,100,100,100,100,100,100,100,100,-88,-87,100,-89,100,-88,-89
19,2,8,-53,-43,-73,-71,-69,-47,-69,-58,-59,-59,-73,100,-86,-87,-87,100,-46,-63,-81,-58,-58,-46,-58,-45,-39,-87,-72,-72,-72,-72,100,100,100,100,100,100,100,100,-87,-85,100,-89,100,-88,-89
